Cycle start time,Cycle end time,Cycle timezone,Sleep onset,Wake onset,Sleep performance %,Respiratory rate (rpm),Asleep duration (min),In bed duration (min),Light sleep duration (min),Deep (SWS) duration (min),REM duration (min),Awake duration (min),Sleep need (min),Sleep debt (min),Sleep efficiency %,Sleep consistency %,Nap
2025-11-21 01:03:29,,UTC+03:00,2025-11-21 01:03:29,2025-11-21 09:14:39,82,12.7,446,491,286,92,68,45,572,89,91,75,false
2025-11-20 00:06:56,2025-11-21 01:03:29,UTC+03:00,2025-11-20 00:06:56,2025-11-20 07:20:07,84,12.6,405,433,262,71,72,28,545,66,93,83,false
2025-11-19 00:34:22,2025-11-20 00:06:56,UTC+03:00,2025-11-19 00:34:22,2025-11-19 08:25:23,84,12.7,442,471,310,86,46,29,545,56,94,81,false
2025-11-18 00:02:19,2025-11-19 00:34:22,UTC+03:00,2025-11-18 00:02:19,2025-11-18 08:55:08,83,12.8,495,532,319,94,82,37,583,121,93,73,false
2025-11-17 00:29:16,2025-11-18 00:02:19,UTC+03:00,2025-11-17 00:29:16,2025-11-17 06:30:49,74,12.8,343,361,227,54,62,18,585,93,94,83,false
2025-11-15 23:58:18,2025-11-17 00:29:16,UTC+03:00,2025-11-15 23:58:18,2025-11-16 07:21:07,86,12.8,418,442,250,104,64,24,563,101,94,91,false
2025-11-14 23:28:15,2025-11-15 23:58:18,UTC+03:00,2025-11-14 23:28:15,2025-11-15 06:55:09,85,12.5,430,446,282,75,73,16,587,102,96,88,false
2025-11-13 23:56:41,2025-11-14 23:28:15,UTC+03:00,2025-11-13 23:56:41,2025-11-14 07:05:54,84,12.7,391,429,299,29,63,38,551,68,91,87,false
2025-11-12 23:43:03,2025-11-13 23:56:41,UTC+03:00,2025-11-12 23:43:03,2025-11-13 07:30:28,84,12.3,432,467,312,57,63,35,539,55,93,81,false
2025-11-11 23:45:28,2025-11-12 23:43:03,UTC+03:00,2025-11-11 23:45:28,2025-11-12 08:06:05,83,12.2,453,500,285,78,90,47,539,77,90,74,false
2025-11-11 00:08:25,2025-11-11 23:45:28,UTC+03:00,2025-11-11 00:08:25,2025-11-11 07:04:53,79,12.2,377,416,262,53,62,39,533,33,91,67,false
2025-11-10 00:45:51,2025-11-11 00:08:25,UTC+03:00,2025-11-10 00:45:51,2025-11-10 08:49:01,86,12.8,448,483,297,97,54,35,500,0,92,79,false
2025-11-09 00:56:18,2025-11-10 00:45:51,UTC+03:00,2025-11-09 00:56:18,2025-11-09 10:30:14,86,12.9,543,573,368,71,104,30,498,34,94,70,false
2025-11-08 01:07:15,2025-11-09 00:56:18,UTC+03:00,2025-11-08 01:07:15,2025-11-08 09:39:12,83,12.2,483,511,305,100,78,28,538,47,94,70,false
2025-11-06 23:57:12,2025-11-08 01:07:15,UTC+03:00,2025-11-06 23:57:12,2025-11-07 07:14:50,82,12.9,410,437,248,71,91,27,484,2,93,71,false
2025-11-05 23:10:38,2025-11-06 23:57:12,UTC+03:00,2025-11-05 23:10:38,2025-11-06 09:05:24,80,12.8,548,594,380,95,73,46,552,67,92,62,false
2025-11-05 01:30:06,2025-11-05 23:10:38,UTC+03:00,2025-11-05 01:30:06,2025-11-05 09:06:36,84,12.7,431,456,240,77,114,25,536,49,94,78,false
2025-11-04 00:46:03,2025-11-05 01:30:06,UTC+03:00,2025-11-04 00:46:03,2025-11-04 07:04:49,78,12.8,364,378,234,48,82,14,464,2,96,59,false
2025-11-03 00:46:00,2025-11-04 00:46:03,UTC+03:00,2025-11-03 00:46:00,2025-11-03 09:21:38,81,12.3,492,515,340,49,103,23,496,34,95,56,false
2025-11-01 01:10:42,2025-11-02 02:44:00,UTC+03:00,2025-11-01 01:10:42,2025-11-01 09:48:11,89,12.7,466,517,347,54,65,51,520,58,90,83,false
2025-10-31 01:54:41,2025-11-01 01:10:42,UTC+03:00,2025-10-31 01:54:41,2025-10-31 09:28:57,85,12.3,409,454,271,78,60,45,500,21,90,80,false
2025-10-30 01:14:37,2025-10-31 01:54:41,UTC+03:00,2025-10-30 01:14:37,2025-10-30 09:20:38,83,13.0,443,486,310,56,77,43,477,90,91,65,false
2025-10-29 01:25:00,2025-10-30 01:14:37,UTC+03:00,2025-10-29 20:57:37,2025-10-29 22:17:07,25,13.0,76,79,40,36,0,3,554,90,97,,true
2025-10-29 01:25:00,2025-10-30 01:14:37,UTC+03:00,2025-10-29 01:25:00,2025-10-29 09:24:54,81,12.6,454,479,325,49,80,25,595,127,95,71,false
2025-10-28 02:54:28,2025-10-29 01:25:00,UTC+03:00,2025-10-28 02:54:28,2025-10-28 08:41:01,70,12.8,333,346,226,52,55,13,589,103,96,71,false
2025-10-27 01:42:27,2025-10-28 02:54:28,UTC+03:00,2025-10-27 01:42:27,2025-10-27 08:20:05,73,12.9,371,397,218,94,59,26,577,103,93,61,false
2025-10-26 04:22:56,2025-10-27 01:42:27,UTC+03:00,2025-10-26 04:22:56,2025-10-26 11:27:57,74,12.7,396,425,243,69,84,29,558,96,93,46,false
2025-10-25 01:17:33,2025-10-26 04:22:56,UTC+03:00,2025-10-25 01:17:33,2025-10-25 09:25:00,85,12.3,463,487,310,71,82,24,613,127,95,84,false
2025-10-24 01:47:02,2025-10-25 01:17:33,UTC+03:00,2025-10-24 01:47:02,2025-10-24 09:21:23,74,12.7,388,454,236,92,60,66,617,125,86,78,false
2025-10-23 01:17:31,2025-10-24 01:47:02,UTC+03:00,2025-10-23 01:17:31,2025-10-23 06:59:40,73,12.7,312,342,177,87,48,30,507,46,91,64,false
2025-10-22 01:00:59,2025-10-23 01:17:31,UTC+03:00,2025-10-22 01:00:59,2025-10-22 09:57:07,84,12.7,508,536,381,68,59,28,580,119,94,72,false
2025-10-21 01:57:46,2025-10-22 01:00:59,UTC+03:00,2025-10-21 01:57:46,2025-10-21 08:48:18,77,12.6,385,410,256,56,73,25,570,105,93,68,false
2025-10-20 03:29:15,2025-10-21 01:57:46,UTC+03:00,2025-10-20 03:29:15,2025-10-20 09:21:20,74,12.3,325,352,238,45,42,27,488,19,92,56,false
2025-10-19 01:41:44,2025-10-20 03:29:15,UTC+03:00,2025-10-19 01:41:44,2025-10-19 09:18:00,80,12.9,433,456,268,83,82,23,464,0,95,51,false
2025-10-17 22:17:11,2025-10-19 01:41:44,UTC+03:00,2025-10-17 22:17:11,2025-10-18 11:18:23,40,16.6,667,781,513,58,96,114,556,93,85,35,false
2025-10-17 06:00:10,2025-10-17 22:17:11,UTC+03:00,2025-10-17 06:00:10,2025-10-17 11:59:15,55,13.3,337,359,192,77,68,22,525,55,94,26,false
2025-10-16 02:26:05,2025-10-17 07:00:10,UTC+04:00,2025-10-16 02:26:05,2025-10-16 10:47:37,79,13.4,477,495,308,82,87,18,564,79,96,57,false
2025-10-14 23:47:04,2025-10-16 01:26:05,UTC+03:00,2025-10-14 23:47:04,2025-10-15 07:21:35,77,12.7,435,454,299,47,89,19,558,127,95,52,false
2025-10-14 01:23:29,2025-10-14 23:47:04,UTC+03:00,2025-10-14 10:10:41,2025-10-14 11:23:41,22,13.5,61,67,25,36,0,6,595,127,90,,true
2025-10-14 01:23:29,2025-10-14 23:47:04,UTC+03:00,2025-10-14 01:23:29,2025-10-14 05:35:59,39,12.8,232,242,146,62,24,10,586,66,95,53,false
2025-10-13 00:28:56,2025-10-14 01:23:29,UTC+03:00,2025-10-13 00:28:56,2025-10-13 08:45:43,80,12.9,458,486,287,91,80,28,562,90,94,62,false
2025-10-12 02:29:23,2025-10-13 00:28:56,UTC+03:00,2025-10-12 02:29:23,2025-10-12 10:39:08,75,12.5,428,487,291,85,52,59,610,104,87,58,false
2025-10-11 00:59:52,2025-10-12 02:29:23,UTC+03:00,2025-10-11 00:59:52,2025-10-11 07:59:53,83,12.6,391,417,255,71,65,26,554,83,93,83,false
2025-10-10 01:32:20,2025-10-11 00:59:52,UTC+03:00,2025-10-10 01:32:20,2025-10-10 08:50:48,83,12.8,411,436,231,89,91,25,540,64,94,79,false
2025-10-09 00:41:55,2025-10-10 01:32:20,UTC+03:00,2025-10-09 00:41:55,2025-10-09 07:03:16,79,12.6,365,377,240,71,54,12,495,31,96,66,false
2025-10-08 00:48:54,2025-10-09 00:41:55,UTC+03:00,2025-10-08 00:48:54,2025-10-08 09:01:55,87,13.0,458,488,267,78,113,30,508,45,93,80,false
2025-10-07 00:21:21,2025-10-08 00:48:54,UTC+03:00,2025-10-07 00:21:21,2025-10-07 09:11:22,83,13.0,503,528,347,80,76,25,574,109,95,71,false
2025-10-06 02:51:50,2025-10-07 00:21:21,UTC+03:00,2025-10-06 02:51:50,2025-10-06 09:15:21,54,13.9,353,383,209,85,59,30,573,104,92,77,false
2025-10-05 02:56:48,2025-10-06 02:51:50,UTC+03:00,2025-10-05 02:56:48,2025-10-05 10:07:19,53,13.1,309,426,227,53,29,117,518,48,72,62,false
2025-10-04 01:08:16,2025-10-05 02:56:48,UTC+03:00,2025-10-04 01:08:16,2025-10-04 08:52:49,90,12.9,441,460,315,63,63,19,518,51,95,89,false
2025-10-03 00:32:43,2025-10-04 01:08:16,UTC+03:00,2025-10-03 00:32:43,2025-10-03 08:01:28,86,13.1,413,447,265,69,79,34,517,45,92,84,false
2025-10-02 01:13:12,2025-10-03 00:32:43,UTC+03:00,2025-10-02 01:13:12,2025-10-02 08:56:11,89,13.2,437,462,285,89,63,25,509,40,94,86,false
2025-10-01 00:35:39,2025-10-02 01:13:12,UTC+03:00,2025-10-01 00:35:39,2025-10-01 09:15:40,81,13.2,436,515,321,53,62,79,517,10,85,92,false
2025-09-30 00:34:36,2025-10-01 00:35:39,UTC+03:00,2025-09-30 00:34:36,2025-09-30 08:41:18,95,12.8,445,486,269,96,80,41,461,0,91,88,false
2025-09-29 00:11:34,2025-09-30 00:34:36,UTC+03:00,2025-09-29 00:11:34,2025-09-29 09:23:46,100,12.9,507,547,400,30,77,40,483,14,92,90,false
2025-09-28 00:03:31,2025-09-29 00:11:34,UTC+03:00,2025-09-28 00:03:31,2025-09-28 09:24:03,83,12.8,467,555,257,121,89,88,496,33,84,83,false
2025-09-27 01:04:30,2025-09-28 00:03:31,UTC+03:00,2025-09-27 01:04:30,2025-09-27 09:02:38,88,12.7,451,472,326,70,55,21,503,40,95,81,false
2025-09-26 00:32:23,2025-09-27 01:04:30,UTC+03:00,2025-09-26 00:32:23,2025-09-26 08:46:08,86,12.4,447,487,317,79,51,40,510,31,91,83,false
2025-09-24 23:59:52,2025-09-26 00:32:23,UTC+03:00,2025-09-24 23:59:52,2025-09-25 07:57:36,85,12.4,454,477,353,52,49,23,516,8,95,83,false
2025-09-23 23:38:50,2025-09-24 23:59:52,UTC+03:00,2025-09-23 23:38:50,2025-09-24 08:04:05,89,12.5,473,497,306,79,88,24,487,0,95,77,false
2025-09-22 23:29:18,2025-09-23 23:38:50,UTC+03:00,2025-09-22 23:29:18,2025-09-23 08:53:33,90,13.1,542,564,339,107,96,22,527,64,96,77,false
2025-09-22 01:23:16,2025-09-22 23:29:18,UTC+03:00,2025-09-22 01:23:16,2025-09-22 08:56:47,85,12.8,406,449,236,99,71,43,507,45,90,85,false
2025-09-21 01:38:13,2025-09-22 01:23:16,UTC+03:00,2025-09-21 01:38:13,2025-09-21 09:28:20,82,12.7,421,463,271,74,76,42,511,42,91,72,false
2025-09-19 23:56:11,2025-09-21 01:38:13,UTC+03:00,2025-09-19 23:56:11,2025-09-20 08:22:31,89,12.9,476,503,321,44,111,27,541,79,94,84,false
2025-09-19 00:51:09,2025-09-19 23:56:11,UTC+03:00,2025-09-19 00:51:09,2025-09-19 08:53:01,79,12.6,407,474,259,77,71,67,566,89,85,80,false
2025-09-18 00:12:38,2025-09-19 00:51:09,UTC+03:00,2025-09-18 00:12:38,2025-09-18 08:00:39,87,12.6,426,468,313,71,42,42,565,74,91,89,false
2025-09-16 23:55:07,2025-09-18 00:12:38,UTC+03:00,2025-09-16 23:55:07,2025-09-17 07:41:08,86,12.9,436,454,318,45,73,18,552,90,95,86,false
2025-09-16 00:25:34,2025-09-16 23:55:07,UTC+03:00,2025-09-16 00:25:34,2025-09-16 07:40:35,84,12.8,392,433,249,75,68,41,533,70,90,83,false
2025-09-15 00:59:03,2025-09-16 00:25:34,UTC+03:00,2025-09-15 00:59:03,2025-09-15 07:38:04,82,12.6,362,392,254,60,48,30,472,0,92,74,false
2025-09-13 23:47:31,2025-09-15 00:59:03,UTC+03:00,2025-09-13 23:47:31,2025-09-14 09:50:39,87,12.5,541,595,359,69,113,54,522,61,90,72,false
2025-09-13 00:46:28,2025-09-13 23:47:31,UTC+03:00,2025-09-13 00:46:28,2025-09-13 08:14:29,84,12.5,420,443,272,73,75,23,516,52,95,81,false
2025-09-12 00:26:27,2025-09-13 00:46:28,UTC+03:00,2025-09-12 00:26:27,2025-09-12 09:02:51,84,12.8,467,512,329,68,70,45,549,86,91,77,false
2025-09-11 02:26:24,2025-09-12 00:26:27,UTC+03:00,2025-09-11 02:26:24,2025-09-11 08:57:25,77,12.7,363,388,205,106,52,25,536,74,93,65,false
2025-09-10 00:08:53,2025-09-11 02:26:24,UTC+03:00,2025-09-10 00:08:53,2025-09-10 07:29:49,84,13.1,421,434,305,55,61,13,538,52,97,79,false
2025-09-08 23:54:19,2025-09-10 00:08:53,UTC+03:00,2025-09-08 23:54:19,2025-09-09 08:00:20,83,12.7,452,471,324,53,75,19,534,68,96,72,false
2025-09-08 01:44:18,2025-09-08 23:54:19,UTC+03:00,2025-09-08 01:44:18,2025-09-08 09:33:49,75,13.0,390,450,311,48,31,60,526,56,86,68,false
2025-09-07 00:01:15,2025-09-08 01:44:18,UTC+03:00,2025-09-07 00:01:15,2025-09-07 08:11:33,88,13.2,465,490,269,111,85,25,553,89,94,86,false
2025-09-06 00:00:14,2025-09-07 00:01:15,UTC+03:00,2025-09-06 00:00:14,2025-09-06 08:05:45,84,12.9,455,481,253,95,107,26,594,120,94,80,false
2025-09-05 01:48:21,2025-09-06 00:00:14,UTC+03:00,2025-09-05 01:48:21,2025-09-05 08:25:02,70,13.4,344,391,172,114,58,47,584,110,88,68,false
2025-09-04 00:23:50,2025-09-05 01:48:21,UTC+03:00,2025-09-04 00:23:50,2025-09-04 06:35:29,54,12.8,286,371,180,49,57,85,506,10,76,66,false
2025-09-02 23:43:48,2025-09-04 00:23:50,UTC+03:00,2025-09-02 23:43:48,2025-09-03 08:12:26,87,12.7,468,505,319,69,80,37,484,0,92,75,false
2025-09-02 00:22:32,2025-09-02 23:43:48,UTC+03:00,2025-09-02 00:22:32,2025-09-02 09:05:34,90,12.9,496,516,313,90,93,20,483,7,96,78,false
2025-08-31 23:01:01,2025-09-02 00:22:32,UTC+03:00,2025-08-31 23:01:01,2025-09-01 09:47:32,77,12.9,530,637,387,70,73,107,544,79,83,61,false
2025-08-31 02:41:00,2025-08-31 23:01:01,UTC+03:00,2025-08-31 02:41:00,2025-08-31 08:49:01,78,12.9,328,362,206,44,78,34,487,23,90,69,false
2025-08-30 00:23:28,2025-08-31 02:41:00,UTC+03:00,2025-08-30 00:23:28,2025-08-30 08:44:29,89,12.8,483,500,338,70,75,17,520,56,96,81,false
2025-08-29 01:11:55,2025-08-30 00:23:28,UTC+03:00,2025-08-29 01:11:55,2025-08-29 08:10:57,82,12.7,382,407,229,75,78,25,494,8,94,76,false
2025-08-27 23:13:24,2025-08-29 01:11:55,UTC+03:00,2025-08-27 23:13:24,2025-08-28 07:57:03,90,12.8,493,523,369,52,72,30,506,45,94,85,false
2025-08-27 00:03:08,2025-08-27 23:13:24,UTC+03:00,2025-08-27 00:03:08,2025-08-27 08:05:36,85,12.8,457,479,314,62,81,22,527,43,95,83,false
2025-08-25 23:42:37,2025-08-27 00:03:08,UTC+03:00,2025-08-25 23:42:37,2025-08-26 07:01:10,82,12.5,397,435,262,62,73,38,485,21,91,72,false
2025-08-24 22:51:36,2025-08-25 23:42:37,UTC+03:00,2025-08-24 22:51:36,2025-08-25 08:26:37,87,12.8,521,574,384,55,82,53,555,89,91,76,false
2025-08-24 01:18:41,2025-08-24 22:51:36,UTC+03:00,2025-08-24 01:18:41,2025-08-24 08:11:12,83,12.8,376,405,256,52,68,29,515,50,92,82,false
2025-08-23 00:53:03,2025-08-24 01:18:41,UTC+03:00,2025-08-23 00:53:03,2025-08-23 08:14:56,84,12.9,412,432,296,57,59,20,491,26,95,78,false
2025-08-22 00:08:32,2025-08-23 00:53:03,UTC+03:00,2025-08-22 00:08:32,2025-08-22 08:25:20,87,12.8,460,478,292,88,80,18,501,6,96,79,false
2025-08-20 22:47:28,2025-08-22 00:08:32,UTC+03:00,2025-08-20 22:47:28,2025-08-21 09:03:54,83,12.9,530,607,355,74,101,77,539,76,87,70,false
2025-08-19 23:30:27,2025-08-20 22:47:28,UTC+03:00,2025-08-19 23:30:27,2025-08-20 08:02:02,81,12.8,444,511,279,86,79,67,563,97,86,77,false
2025-08-18 23:32:25,2025-08-19 23:30:27,UTC+03:00,2025-08-18 23:32:25,2025-08-19 06:33:28,78,13.0,401,420,262,51,88,19,596,103,95,72,false
2025-08-17 23:54:53,2025-08-18 23:32:25,UTC+03:00,2025-08-17 23:54:53,2025-08-18 06:32:57,75,12.9,358,391,241,69,48,33,564,96,91,68,false
2025-08-17 00:42:08,2025-08-17 23:54:53,UTC+03:00,2025-08-17 00:42:08,2025-08-17 08:56:44,82,12.8,431,494,293,60,78,63,581,71,87,85,false
2025-08-16 01:06:07,2025-08-17 00:42:08,UTC+03:00,2025-08-16 01:06:07,2025-08-16 08:32:17,84,12.5,425,446,307,50,68,21,537,47,95,80,false
2025-08-15 00:10:50,2025-08-16 01:06:07,UTC+03:00,2025-08-15 00:10:50,2025-08-15 08:01:11,88,12.7,435,457,294,110,31,22,509,22,95,86,false
2025-08-14 00:05:27,2025-08-15 00:10:50,UTC+03:00,2025-08-14 00:05:27,2025-08-14 08:20:29,85,12.9,469,492,339,75,55,23,504,40,95,77,false
2025-08-12 23:15:23,2025-08-14 00:05:27,UTC+03:00,2025-08-12 23:15:23,2025-08-13 08:05:19,82,12.4,474,526,361,53,60,52,536,62,90,68,false
2025-08-11 23:18:39,2025-08-12 23:15:23,UTC+03:00,2025-08-11 23:18:39,2025-08-12 07:11:37,78,12.9,450,468,281,81,88,18,547,85,96,55,false
2025-08-11 01:18:17,2025-08-11 23:18:39,UTC+03:00,2025-08-11 01:18:17,2025-08-11 08:54:55,82,12.9,415,453,282,93,40,38,548,36,91,76,false
2025-08-10 01:44:12,2025-08-11 01:18:17,UTC+03:00,2025-08-10 01:44:12,2025-08-10 10:48:00,80,12.7,525,542,330,74,121,17,582,110,96,58,false
2025-08-09 01:24:26,2025-08-10 01:44:12,UTC+03:00,2025-08-09 01:24:26,2025-08-09 08:16:50,46,13.4,388,412,237,63,88,24,609,104,94,76,false
2025-08-08 01:31:30,2025-08-09 01:24:26,UTC+03:00,2025-08-08 01:31:30,2025-08-08 07:21:02,73,12.6,313,349,160,94,59,36,522,56,89,75,false
2025-08-06 23:07:45,2025-08-08 01:31:30,UTC+03:00,2025-08-06 23:07:45,2025-08-07 07:46:52,81,12.7,465,514,330,70,65,49,578,114,90,70,false
2025-08-06 00:16:27,2025-08-06 23:07:45,UTC+03:00,2025-08-06 00:16:27,2025-08-06 06:07:02,73,12.1,338,350,241,44,53,12,567,105,96,73,false
2025-08-05 01:21:46,2025-08-06 00:16:27,UTC+03:00,2025-08-05 01:21:46,2025-08-05 07:04:00,74,12.2,311,337,203,56,52,26,521,53,92,77,false
2025-08-04 00:21:39,2025-08-05 01:21:46,UTC+03:00,2025-08-04 00:21:39,2025-08-04 08:17:01,86,12.9,440,468,306,68,66,28,523,59,94,85,false
2025-08-03 01:15:55,2025-08-04 00:21:39,UTC+03:00,2025-08-03 01:15:55,2025-08-03 07:42:22,83,13.0,365,386,243,57,65,21,484,6,96,78,false
2025-08-01 23:53:41,2025-08-03 01:15:55,UTC+03:00,2025-08-01 23:53:41,2025-08-02 08:50:06,93,13.0,516,528,336,70,110,12,527,63,97,83,false
2025-08-01 01:24:29,2025-08-01 23:53:41,UTC+03:00,2025-08-01 01:24:29,2025-08-01 08:39:58,82,13.0,394,429,222,88,84,35,522,57,92,76,false
2025-07-30 23:54:05,2025-08-01 01:24:29,UTC+03:00,2025-07-30 23:54:05,2025-07-31 08:25:31,87,12.8,458,500,307,53,98,42,547,81,91,83,false
2025-07-30 00:34:25,2025-07-30 23:54:05,UTC+03:00,2025-07-30 00:34:25,2025-07-30 07:31:09,84,12.4,390,412,260,72,58,22,518,54,94,84,false
2025-07-28 23:32:51,2025-07-30 00:34:25,UTC+03:00,2025-07-28 23:32:51,2025-07-29 07:32:00,82,12.7,449,470,287,97,65,21,557,61,95,77,false
2025-07-28 00:15:32,2025-07-28 23:32:51,UTC+03:00,2025-07-28 00:15:32,2025-07-28 08:35:55,85,12.9,470,500,305,73,92,30,565,83,94,80,false
2025-07-27 01:41:01,2025-07-28 00:15:32,UTC+03:00,2025-07-27 01:41:01,2025-07-27 08:46:53,80,12.9,409,422,272,72,65,13,575,96,97,75,false
2025-07-26 00:53:47,2025-07-27 01:41:01,UTC+03:00,2025-07-26 00:53:47,2025-07-26 07:27:46,83,12.9,365,392,275,42,48,27,515,48,92,83,false
2025-07-24 23:46:56,2025-07-26 00:53:47,UTC+03:00,2025-07-24 23:46:56,2025-07-25 08:08:20,86,12.8,478,500,295,70,113,22,554,86,95,80,false
2025-07-24 01:41:17,2025-07-24 23:46:56,UTC+03:00,2025-07-24 01:41:17,2025-07-24 07:30:14,78,12.6,337,348,199,69,69,11,510,47,96,72,false
2025-07-22 23:55:59,2025-07-24 01:41:17,UTC+03:00,2025-07-22 23:55:59,2025-07-23 07:56:33,84,12.8,453,480,317,42,94,27,527,57,94,78,false
2025-07-21 23:19:24,2025-07-22 23:55:59,UTC+03:00,2025-07-21 23:19:24,2025-07-22 07:17:17,83,13.3,424,477,283,71,70,53,514,46,88,79,false
2025-07-20 23:06:46,2025-07-21 23:19:24,UTC+03:00,2025-07-20 23:06:46,2025-07-21 06:39:23,81,13.3,422,452,289,85,48,30,516,47,93,66,false
2025-07-20 01:36:11,2025-07-20 23:06:46,UTC+03:00,2025-07-20 01:36:11,2025-07-20 08:44:47,79,12.9,397,428,269,51,77,31,492,25,93,57,false
2025-07-18 22:28:35,2025-07-20 01:36:11,UTC+03:00,2025-07-18 22:28:35,2025-07-19 07:11:37,86,12.9,498,523,319,63,116,25,537,74,95,79,false
2025-07-17 23:10:21,2025-07-18 22:28:35,UTC+03:00,2025-07-17 23:10:21,2025-07-18 07:08:35,84,12.9,445,478,283,88,74,33,560,97,93,80,false
2025-07-17 00:48:51,2025-07-17 23:10:21,UTC+03:00,2025-07-17 00:48:51,2025-07-17 06:43:47,76,13.2,325,349,247,39,39,24,521,57,92,77,false
2025-07-15 23:11:15,2025-07-17 00:48:51,UTC+03:00,2025-07-15 23:11:15,2025-07-16 07:32:58,83,12.9,461,484,325,77,59,23,550,86,95,74,false
2025-07-14 23:51:35,2025-07-15 23:11:15,UTC+03:00,2025-07-14 23:51:35,2025-07-15 05:59:05,77,13.1,347,367,188,90,69,20,521,56,94,67,false
2025-07-14 00:34:19,2025-07-14 23:51:35,UTC+03:00,2025-07-14 00:34:19,2025-07-14 08:15:16,85,13.1,428,449,274,66,88,21,516,45,95,79,false
2025-07-13 00:22:12,2025-07-14 00:34:19,UTC+03:00,2025-07-13 00:22:12,2025-07-13 07:36:14,82,13.6,394,431,307,53,34,37,485,12,91,73,false
2025-07-12 00:34:10,2025-07-13 00:22:12,UTC+03:00,2025-07-12 00:34:10,2025-07-12 09:57:12,81,13.1,492,513,379,56,57,21,518,53,95,59,false
2025-07-10 22:50:47,2025-07-12 00:34:10,UTC+03:00,2025-07-10 22:50:47,2025-07-11 06:31:51,82,12.8,423,455,293,74,56,32,531,40,93,73,false
2025-07-09 23:17:11,2025-07-10 22:50:47,UTC+03:00,2025-07-09 23:17:11,2025-07-10 07:28:58,83,12.8,465,491,283,95,87,25,545,60,94,75,false
2025-07-09 00:43:11,2025-07-09 23:17:11,UTC+03:00,2025-07-09 00:43:11,2025-07-09 08:49:48,83,13.1,451,486,337,51,63,35,571,59,92,77,false
2025-07-07 23:54:06,2025-07-09 00:43:11,UTC+03:00,2025-07-07 23:54:06,2025-07-08 07:14:33,85,13.0,400,435,262,54,84,35,520,56,91,83,false
2025-07-06 23:57:26,2025-07-07 23:54:06,UTC+03:00,2025-07-06 23:57:26,2025-07-07 08:02:34,86,13.1,458,485,325,67,66,27,545,62,94,84,false
2025-07-06 01:04:12,2025-07-06 23:57:26,UTC+03:00,2025-07-06 01:04:12,2025-07-06 08:03:13,82,12.8,393,414,275,67,51,21,518,13,94,75,false
2025-07-04 22:51:56,2025-07-06 01:04:12,UTC+03:00,2025-07-04 22:51:56,2025-07-05 07:54:07,92,12.8,493,541,333,90,70,48,514,30,91,83,false
2025-07-03 22:47:32,2025-07-04 22:51:56,UTC+03:00,2025-07-03 22:47:32,2025-07-04 07:06:57,83,13.0,470,499,342,71,57,29,532,68,94,78,false
2025-07-03 00:22:39,2025-07-03 22:47:32,UTC+03:00,2025-07-03 00:22:39,2025-07-03 07:44:36,87,13.1,416,435,264,85,67,19,523,60,96,87,false
2025-07-02 00:46:38,2025-07-03 00:22:39,UTC+03:00,2025-07-02 00:46:38,2025-07-02 08:02:17,82,12.8,418,435,277,61,80,17,540,76,96,78,false
2025-06-30 23:42:11,2025-07-02 00:46:38,UTC+03:00,2025-06-30 23:42:11,2025-07-01 07:00:58,87,13.3,407,438,286,81,40,31,527,64,93,89,false
2025-06-29 23:36:23,2025-06-30 23:42:11,UTC+03:00,2025-06-29 23:36:23,2025-06-30 07:40:52,88,13.0,450,480,297,78,75,30,549,81,93,87,false
2025-06-28 23:18:33,2025-06-29 23:36:23,UTC+03:00,2025-06-28 23:18:33,2025-06-29 06:58:59,84,13.0,419,450,260,71,88,31,545,82,93,81,false
2025-06-27 23:58:53,2025-06-28 23:18:33,UTC+03:00,2025-06-27 23:58:53,2025-06-28 08:08:04,82,12.9,471,488,298,91,82,17,599,127,96,79,false
2025-06-26 23:27:28,2025-06-27 23:58:53,UTC+03:00,2025-06-26 23:27:28,2025-06-27 06:16:22,81,13.1,378,400,232,78,68,22,584,95,94,87,false
2025-06-25 23:42:49,2025-06-26 23:27:28,UTC+03:00,2025-06-25 23:42:49,2025-06-26 07:26:16,85,12.8,436,463,261,65,110,27,584,114,94,86,false
2025-06-24 23:24:31,2025-06-25 23:42:49,UTC+03:00,2025-06-24 23:24:31,2025-06-25 07:13:49,83,13.2,430,469,286,67,77,39,608,120,92,84,false
2025-06-23 23:22:37,2025-06-24 23:24:31,UTC+03:00,2025-06-23 23:22:37,2025-06-24 06:05:02,82,13.1,384,400,269,44,71,16,571,107,96,85,false
2025-06-23 00:22:39,2025-06-23 23:22:37,UTC+03:00,2025-06-23 00:22:39,2025-06-23 06:03:02,76,12.9,328,340,166,89,73,12,542,64,97,79,false
2025-06-21 23:33:35,2025-06-23 00:22:39,UTC+03:00,2025-06-21 23:33:35,2025-06-22 07:32:13,87,13.1,445,478,281,99,65,33,545,109,93,86,false
2025-06-20 23:22:27,2025-06-21 23:33:35,UTC+03:00,2025-06-21 06:27:00,2025-06-21 07:27:00,26,12.8,52,60,31,21,0,8,571,109,86,,true
2025-06-20 23:22:27,2025-06-21 23:33:35,UTC+03:00,2025-06-20 23:22:27,2025-06-21 06:09:41,70,13.1,391,407,246,87,58,16,611,107,96,88,false
2025-06-19 23:45:00,2025-06-20 23:22:27,UTC+03:00,2025-06-19 23:45:00,2025-06-20 06:06:20,78,12.8,364,378,203,86,75,14,580,109,96,85,false
2025-06-18 23:44:29,2025-06-19 23:45:00,UTC+03:00,2025-06-18 23:44:29,2025-06-19 06:36:31,77,12.8,381,402,219,92,70,21,600,108,95,78,false
2025-06-18 00:21:24,2025-06-18 23:44:29,UTC+03:00,2025-06-18 00:21:24,2025-06-18 06:43:06,76,12.7,372,381,233,77,62,9,589,98,97,73,false
2025-06-16 23:48:13,2025-06-18 00:21:24,UTC+03:00,2025-06-16 23:48:13,2025-06-17 06:01:52,72,12.8,345,371,206,64,75,26,542,79,93,54,false
2025-06-16 01:17:35,2025-06-16 23:48:13,UTC+03:00,2025-06-16 01:17:35,2025-06-16 08:54:41,84,12.7,436,452,289,79,68,16,559,66,96,80,false
2025-06-15 00:58:48,2025-06-16 01:17:35,UTC+03:00,2025-06-15 00:58:48,2025-06-15 08:08:22,82,13.2,402,413,279,75,48,11,505,37,97,73,false
2025-06-14 00:56:21,2025-06-15 00:58:48,UTC+03:00,2025-06-14 00:56:21,2025-06-14 08:31:33,80,13.1,424,451,258,66,100,27,500,34,94,60,false
2025-06-13 02:29:05,2025-06-14 00:56:21,UTC+03:00,2025-06-13 02:29:05,2025-06-13 10:46:34,77,13.2,473,497,265,78,130,24,542,75,95,55,false
2025-06-11 23:56:41,2025-06-13 02:29:05,UTC+03:00,2025-06-11 23:56:41,2025-06-12 07:07:47,78,13.2,399,428,216,105,78,29,550,88,93,60,false
2025-06-11 03:05:04,2025-06-11 23:56:41,UTC+03:00,2025-06-11 03:05:04,2025-06-11 09:38:44,75,12.9,365,383,224,72,69,18,541,72,95,56,false
2025-06-10 00:49:55,2025-06-11 03:05:04,UTC+03:00,2025-06-10 00:49:55,2025-06-10 08:50:35,83,13.1,454,478,258,72,124,24,566,89,95,76,false
2025-06-09 00:08:32,2025-06-10 00:49:55,UTC+03:00,2025-06-09 00:08:32,2025-06-09 07:05:04,79,13.3,396,416,258,79,59,20,574,96,95,85,false
2025-06-08 01:09:04,2025-06-09 00:08:32,UTC+03:00,2025-06-08 01:09:04,2025-06-08 07:27:33,77,13.2,361,374,255,68,38,13,553,52,97,82,false
2025-06-06 23:32:54,2025-06-08 01:09:04,UTC+03:00,2025-06-06 23:32:54,2025-06-07 08:01:22,89,12.9,486,506,299,59,128,20,568,92,96,86,false
2025-06-06 00:16:36,2025-06-06 23:32:54,UTC+03:00,2025-06-06 00:16:36,2025-06-06 07:41:48,85,13.3,418,439,271,69,78,21,561,69,95,86,false
2025-06-05 00:38:12,2025-06-06 00:16:36,UTC+03:00,2025-06-05 00:38:12,2025-06-05 07:22:52,82,13.0,383,404,276,74,33,21,521,27,94,78,false
2025-06-03 23:29:55,2025-06-05 00:38:12,UTC+03:00,2025-06-03 23:29:55,2025-06-04 07:13:14,83,12.9,432,460,310,78,44,28,488,21,93,71,false
2025-06-02 23:27:24,2025-06-03 23:29:55,UTC+03:00,2025-06-02 23:27:24,2025-06-03 08:26:45,85,13.2,499,538,329,94,76,39,542,79,93,72,false
2025-06-02 01:21:46,2025-06-02 23:27:24,UTC+03:00,2025-06-02 01:21:46,2025-06-02 08:05:03,80,13.0,373,396,262,52,59,23,532,66,95,74,false
2025-06-01 02:33:21,2025-06-02 01:21:46,UTC+03:00,2025-06-01 02:33:21,2025-06-01 09:25:13,75,13.6,381,405,244,81,56,24,514,9,93,61,false
2025-05-30 23:42:40,2025-06-01 02:33:21,UTC+03:00,2025-05-30 23:42:40,2025-05-31 08:10:15,81,13.2,486,507,310,102,74,21,505,6,95,86,false
2025-05-29 23:32:04,2025-05-30 23:42:40,UTC+03:00,2025-05-29 23:32:04,2025-05-30 08:33:17,94,12.8,489,529,376,37,76,40,499,16,92,84,false
2025-05-29 00:14:47,2025-05-29 23:32:04,UTC+03:00,2025-05-29 00:14:47,2025-05-29 09:11:13,92,12.8,479,530,299,96,84,51,504,36,90,84,false
2025-05-28 00:48:52,2025-05-29 00:14:47,UTC+03:00,2025-05-28 00:48:52,2025-05-28 08:38:29,88,12.7,447,469,273,74,100,22,504,29,95,83,false
2025-05-27 00:25:45,2025-05-28 00:48:52,UTC+03:00,2025-05-27 00:25:45,2025-05-27 07:43:50,86,12.6,419,438,268,80,71,19,465,1,95,79,false
2025-05-25 23:55:26,2025-05-27 00:25:45,UTC+03:00,2025-05-25 23:55:26,2025-05-26 08:23:05,94,12.9,464,507,331,34,99,43,466,0,91,83,false
2025-05-24 23:07:48,2025-05-25 23:55:26,UTC+03:00,2025-05-24 23:07:48,2025-05-25 09:35:07,86,13.1,599,622,436,66,97,23,558,63,96,70,false
2025-05-24 01:06:52,2025-05-24 23:07:48,UTC+03:00,2025-05-24 01:06:52,2025-05-24 08:34:28,84,12.9,423,447,311,72,40,24,521,27,94,79,false
2025-05-22 23:52:48,2025-05-24 01:06:52,UTC+03:00,2025-05-22 23:52:48,2025-05-23 08:07:24,90,12.5,473,488,325,74,74,15,515,52,96,83,false
2025-05-21 23:26:19,2025-05-22 23:52:48,UTC+03:00,2025-05-21 23:26:19,2025-05-22 07:57:45,82,12.8,490,506,362,64,64,16,572,100,96,72,false
2025-05-21 00:38:51,2025-05-21 23:26:19,UTC+03:00,2025-05-21 00:38:51,2025-05-21 07:10:43,77,12.9,379,390,259,69,51,11,580,110,97,74,false
2025-05-20 01:48:30,2025-05-21 00:38:51,UTC+03:00,2025-05-20 01:48:30,2025-05-20 08:35:37,82,13.2,388,403,243,72,73,15,560,66,96,83,false
2025-05-19 00:09:56,2025-05-20 01:48:30,UTC+03:00,2025-05-19 00:09:56,2025-05-19 08:39:51,83,12.8,462,498,332,75,55,36,565,102,92,74,false
2025-05-18 01:20:33,2025-05-19 00:09:56,UTC+03:00,2025-05-18 01:20:33,2025-05-18 07:51:35,77,12.4,365,382,233,73,59,17,569,107,95,76,false
2025-05-17 02:32:36,2025-05-18 01:20:33,UTC+03:00,2025-05-17 02:32:36,2025-05-17 09:02:16,81,12.5,364,379,200,95,69,15,531,69,95,79,false
2025-05-16 02:05:10,2025-05-17 02:32:36,UTC+03:00,2025-05-16 02:05:10,2025-05-16 09:08:09,77,13.1,394,420,200,83,111,26,533,47,93,73,false
2025-05-15 00:27:33,2025-05-16 02:05:10,UTC+03:00,2025-05-15 00:27:33,2025-05-15 08:32:04,80,12.9,453,473,320,69,64,20,548,64,95,82,false
2025-05-14 00:51:45,2025-05-15 00:27:33,UTC+03:00,2025-05-14 00:51:45,2025-05-14 08:44:33,82,12.8,440,464,304,93,43,24,540,31,95,73,false
2025-05-12 23:50:11,2025-05-14 00:51:45,UTC+03:00,2025-05-12 23:50:11,2025-05-13 08:08:11,83,13.2,467,496,330,63,74,29,516,50,94,67,false
2025-05-11 23:50:37,2025-05-12 23:50:11,UTC+03:00,2025-05-11 23:50:37,2025-05-12 08:31:17,77,13.3,487,520,349,68,70,33,587,95,93,52,false
2025-05-11 04:39:27,2025-05-11 23:50:37,UTC+03:00,2025-05-11 04:39:27,2025-05-11 10:47:38,69,12.7,347,363,210,78,59,16,537,44,95,36,false
2025-05-10 00:35:44,2025-05-11 04:39:27,UTC+03:00,2025-05-10 00:35:44,2025-05-10 08:30:08,88,13.0,424,468,285,70,69,44,494,23,90,85,false
2025-05-08 23:24:33,2025-05-10 00:35:44,UTC+03:00,2025-05-08 23:24:33,2025-05-09 07:59:59,87,12.9,489,515,345,84,60,26,526,41,95,77,false
2025-05-08 00:21:25,2025-05-08 23:24:33,UTC+03:00,2025-05-08 00:21:25,2025-05-08 08:51:49,85,12.9,481,505,342,67,72,24,546,76,95,76,false
2025-05-07 00:51:39,2025-05-08 00:21:25,UTC+03:00,2025-05-07 00:51:39,2025-05-07 08:26:22,81,12.8,410,436,260,57,93,26,562,85,94,73,false
2025-05-05 23:15:00,2025-05-07 00:51:39,UTC+03:00,2025-05-05 23:15:00,2025-05-06 07:08:05,78,12.7,433,460,239,118,76,27,603,114,94,64,false
2025-05-05 01:56:57,2025-05-05 23:15:00,UTC+03:00,2025-05-05 01:56:57,2025-05-05 06:51:55,54,13.5,269,293,139,82,48,24,498,33,92,62,false
2025-05-04 01:10:14,2025-05-05 01:56:57,UTC+03:00,2025-05-04 01:10:14,2025-05-04 08:54:08,87,12.8,437,460,275,68,94,23,503,21,95,77,false
2025-05-02 23:04:41,2025-05-04 01:10:14,UTC+03:00,2025-05-02 23:04:41,2025-05-03 07:49:39,93,13.2,457,524,311,62,84,67,491,2,87,59,false
2025-05-02 01:06:15,2025-05-02 23:04:41,UTC+03:00,2025-05-02 01:06:15,2025-05-02 10:17:17,99,12.9,507,539,337,85,85,32,511,34,94,76,false
2025-05-01 00:47:05,2025-05-02 01:06:15,UTC+03:00,2025-05-01 00:47:05,2025-05-01 09:18:31,90,13.1,473,506,310,84,79,33,526,63,93,82,false
2025-04-30 02:10:12,2025-05-01 00:47:05,UTC+03:00,2025-04-30 02:10:12,2025-04-30 09:02:16,75,12.5,382,400,239,61,82,18,508,0,95,74,false
2025-04-28 23:28:39,2025-04-30 02:10:12,UTC+03:00,2025-04-28 23:28:39,2025-04-29 08:50:03,100,13.3,516,561,334,80,102,45,479,15,91,78,false
2025-04-27 23:55:03,2025-04-28 23:28:39,UTC+03:00,2025-04-27 23:55:03,2025-04-28 09:19:21,96,13.2,520,564,326,79,115,44,544,68,92,76,false
2025-04-27 01:56:08,2025-04-27 23:55:03,UTC+03:00,2025-04-27 01:56:08,2025-04-27 09:29:24,75,13.2,411,452,286,57,68,41,549,79,90,80,false
2025-04-26 01:37:50,2025-04-27 01:56:08,UTC+03:00,2025-04-26 01:37:50,2025-04-26 08:36:22,71,13.0,379,413,227,71,81,34,538,65,91,84,false
2025-04-25 00:27:08,2025-04-26 01:37:50,UTC+03:00,2025-04-25 00:27:08,2025-04-25 08:55:43,82,13.4,456,494,290,88,78,38,558,74,92,83,false
2025-04-24 00:53:32,2025-04-25 00:27:08,UTC+03:00,2025-04-24 00:53:32,2025-04-24 08:35:54,73,12.7,409,462,268,89,52,53,557,57,88,83,false
2025-04-23 01:06:27,2025-04-24 00:53:32,UTC+03:00,2025-04-23 01:06:27,2025-04-23 08:32:11,83,13.1,427,439,259,93,75,12,517,50,97,86,false
2025-04-22 02:13:13,2025-04-23 01:06:27,UTC+03:00,2025-04-22 02:13:13,2025-04-22 09:21:08,80,13.2,402,420,246,67,89,18,504,40,95,73,false
2025-04-21 01:09:44,2025-04-22 02:13:13,UTC+03:00,2025-04-21 01:09:44,2025-04-21 09:55:21,89,13.1,489,520,345,81,63,31,552,53,94,78,false
2025-04-20 00:53:49,2025-04-21 01:09:44,UTC+03:00,2025-04-20 00:53:49,2025-04-20 09:06:35,85,13.4,462,488,304,70,88,26,545,70,94,84,false
2025-04-19 00:51:51,2025-04-20 00:53:49,UTC+03:00,2025-04-19 00:51:51,2025-04-19 08:13:01,73,12.9,382,427,254,61,67,45,523,24,89,87,false
2025-04-17 23:33:00,2025-04-19 00:51:51,UTC+03:00,2025-04-17 23:33:00,2025-04-18 08:19:21,93,12.9,484,525,337,82,65,41,522,51,92,83,false
2025-04-17 00:47:28,2025-04-17 23:33:00,UTC+03:00,2025-04-17 00:47:28,2025-04-17 08:29:29,80,13.1,415,454,266,98,51,39,519,47,91,82,false
2025-04-16 00:29:09,2025-04-17 00:47:28,UTC+03:00,2025-04-16 00:29:09,2025-04-16 07:58:06,81,12.9,414,440,255,93,66,26,509,37,93,79,false
2025-04-14 23:27:34,2025-04-16 00:29:09,UTC+03:00,2025-04-14 23:27:34,2025-04-15 08:45:09,89,13.2,501,557,331,111,59,56,560,70,90,66,false
2025-04-14 01:19:02,2025-04-14 23:27:34,UTC+03:00,2025-04-14 01:19:02,2025-04-14 08:52:18,75,13.1,416,450,303,61,52,34,557,52,92,81,false
2025-04-13 01:41:07,2025-04-14 01:19:02,UTC+03:00,2025-04-13 01:41:07,2025-04-13 09:21:07,80,13.0,409,445,271,67,71,36,513,48,91,71,false
2025-04-12 03:02:18,2025-04-13 01:41:07,UTC+03:00,2025-04-12 03:02:18,2025-04-12 10:37:01,81,13.1,423,450,274,82,67,27,519,35,93,60,false
2025-04-11 00:13:59,2025-04-12 03:02:18,UTC+03:00,2025-04-11 00:13:59,2025-04-11 09:14:44,90,13.1,488,524,354,71,63,36,543,80,93,79,false
2025-04-10 02:04:01,2025-04-11 00:13:59,UTC+03:00,2025-04-10 02:04:01,2025-04-10 08:59:47,70,13.4,382,408,286,49,47,26,544,52,93,73,false
2025-04-09 00:57:10,2025-04-10 02:04:01,UTC+03:00,2025-04-09 00:57:10,2025-04-09 08:31:17,80,12.9,422,444,295,75,52,22,527,22,95,84,false
2025-04-08 00:35:01,2025-04-09 00:57:10,UTC+03:00,2025-04-08 00:35:01,2025-04-08 08:28:24,93,13.1,453,473,349,84,20,20,488,0,96,80,false
2025-04-06 22:06:26,2025-04-08 00:35:01,UTC+03:00,2025-04-06 22:06:26,2025-04-07 08:14:28,100,12.8,572,606,420,60,92,34,556,87,94,65,false
2025-04-06 01:35:58,2025-04-06 22:06:26,UTC+03:00,2025-04-06 01:35:58,2025-04-06 08:00:35,68,12.8,365,384,264,62,39,19,539,65,94,81,false
2025-04-05 00:49:19,2025-04-06 01:35:58,UTC+03:00,2025-04-05 00:49:19,2025-04-05 08:29:40,76,12.8,409,430,253,109,47,21,540,52,95,79,false
2025-04-03 23:57:50,2025-04-05 00:49:19,UTC+03:00,2025-04-03 23:57:50,2025-04-04 08:04:29,81,12.8,453,484,293,88,72,31,557,42,93,79,false
2025-04-02 23:49:38,2025-04-03 23:57:50,UTC+03:00,2025-04-02 23:49:38,2025-04-03 08:31:37,88,13.0,480,520,356,63,61,40,546,60,92,78,false
2025-04-02 01:43:01,2025-04-02 23:49:38,UTC+03:00,2025-04-02 01:43:01,2025-04-02 09:28:18,77,12.8,401,456,229,121,51,55,521,57,87,80,false
2025-03-31 23:52:51,2025-04-02 01:43:01,UTC+03:00,2025-03-31 23:52:51,2025-04-01 09:20:35,84,13.3,479,562,375,27,77,83,567,68,85,69,false
2025-03-31 01:52:55,2025-03-31 23:52:51,UTC+03:00,2025-03-31 01:52:55,2025-03-31 10:09:55,81,13.2,467,488,277,82,108,21,575,78,95,77,false
2025-03-30 01:33:10,2025-03-31 01:52:55,UTC+03:00,2025-03-30 01:33:10,2025-03-30 08:35:58,72,13.2,399,416,283,42,74,17,556,56,96,77,false
2025-03-29 00:27:17,2025-03-30 01:33:10,UTC+03:00,2025-03-29 00:27:17,2025-03-29 08:21:17,79,12.9,429,464,314,60,55,35,542,56,92,73,false
2025-03-28 02:24:59,2025-03-29 00:27:17,UTC+03:00,2025-03-28 02:24:59,2025-03-28 10:13:38,83,12.9,434,465,306,61,67,31,523,51,93,75,false
2025-03-27 01:20:04,2025-03-28 02:24:59,UTC+03:00,2025-03-27 01:20:04,2025-03-27 09:32:45,81,13.4,440,489,326,73,41,49,543,47,89,83,false
2025-03-26 01:20:31,2025-03-27 01:20:04,UTC+03:00,2025-03-26 01:20:31,2025-03-26 08:53:47,82,12.6,424,443,291,76,57,19,518,50,95,78,false
2025-03-25 01:57:29,2025-03-26 01:20:31,UTC+03:00,2025-03-25 01:57:29,2025-03-25 09:12:00,80,12.9,395,426,243,71,81,31,496,30,92,70,false
2025-03-24 00:13:04,2025-03-25 01:57:29,UTC+03:00,2025-03-24 00:13:04,2025-03-24 09:11:54,91,13.4,498,537,379,57,62,39,547,80,92,61,false
2025-03-23 04:20:34,2025-03-24 00:13:04,UTC+03:00,2025-03-23 04:20:34,2025-03-23 10:46:04,69,13.0,364,379,265,31,68,15,525,48,95,44,false
2025-03-22 00:21:39,2025-03-23 04:20:34,UTC+03:00,2025-03-22 00:21:39,2025-03-22 08:45:23,85,13.1,442,492,324,38,80,50,517,54,89,82,false
2025-03-21 00:58:36,2025-03-22 00:21:39,UTC+03:00,2025-03-21 00:58:36,2025-03-21 09:30:22,85,13.1,470,503,324,98,48,33,555,79,93,79,false
2025-03-20 00:47:31,2025-03-21 00:58:36,UTC+03:00,2025-03-20 00:47:31,2025-03-20 08:03:49,70,13.5,367,436,255,62,50,69,525,34,84,86,false
2025-03-18 23:52:12,2025-03-20 00:47:31,UTC+03:00,2025-03-18 23:52:12,2025-03-19 08:44:23,89,13.2,459,530,359,66,34,71,513,41,86,90,false
2025-03-17 23:56:29,2025-03-18 23:52:12,UTC+03:00,2025-03-17 23:56:29,2025-03-18 08:10:07,84,12.7,446,478,314,82,50,32,529,33,93,85,false
2025-03-17 00:32:58,2025-03-17 23:56:29,UTC+03:00,2025-03-17 00:32:58,2025-03-17 09:12:50,90,13.7,471,517,331,51,89,46,524,34,91,87,false
2025-03-16 00:14:36,2025-03-17 00:32:58,UTC+03:00,2025-03-16 00:14:36,2025-03-16 08:47:28,87,13.7,460,496,335,68,57,36,529,42,92,90,false
2025-03-15 00:05:06,2025-03-16 00:14:36,UTC+03:00,2025-03-15 00:05:06,2025-03-15 08:15:36,85,13.2,463,485,333,61,69,22,548,41,95,89,false
2025-03-14 01:06:06,2025-03-15 00:05:06,UTC+03:00,2025-03-14 01:06:06,2025-03-14 08:19:39,83,12.8,413,430,306,51,56,17,496,33,96,88,false
2025-03-13 00:29:24,2025-03-14 01:06:06,UTC+03:00,2025-03-13 00:29:24,2025-03-13 08:32:28,87,13.4,456,478,323,71,62,22,522,38,95,91,false
2025-03-12 00:35:07,2025-03-13 00:29:24,UTC+03:00,2025-03-12 00:35:07,2025-03-12 08:37:52,85,12.9,449,479,307,65,77,30,527,28,93,85,false
2025-03-10 23:41:11,2025-03-12 00:35:07,UTC+03:00,2025-03-10 23:41:11,2025-03-11 08:01:58,89,13.0,476,498,292,81,103,22,533,50,95,80,false
2025-03-10 00:38:49,2025-03-10 23:41:11,UTC+03:00,2025-03-10 00:38:49,2025-03-10 08:00:04,80,12.7,413,434,298,54,61,21,515,27,95,75,false
2025-03-09 00:35:25,2025-03-10 00:38:49,UTC+03:00,2025-03-09 00:35:25,2025-03-09 08:03:06,88,12.6,410,444,271,77,62,34,465,0,92,74,false
2025-03-07 23:11:44,2025-03-09 00:35:25,UTC+03:00,2025-03-07 23:11:44,2025-03-08 08:51:54,100,12.8,520,573,400,51,69,53,499,9,91,66,false
2025-03-07 00:37:37,2025-03-07 23:11:44,UTC+03:00,2025-03-07 00:37:37,2025-03-07 09:25:52,97,13.2,476,514,376,65,35,38,490,0,93,76,false
2025-03-06 01:55:26,2025-03-07 00:37:37,UTC+03:00,2025-03-06 01:55:26,2025-03-06 10:49:27,100,13.1,502,532,353,77,72,30,480,0,94,77,false
2025-03-05 01:59:13,2025-03-06 01:55:26,UTC+03:00,2025-03-05 01:59:13,2025-03-05 10:51:39,100,13.0,491,529,374,58,59,38,480,0,92,66,false
2025-03-03 23:57:34,2025-03-05 01:59:13,UTC+03:00,2025-03-03 23:57:34,2025-03-04 09:13:42,100,12.9,511,551,367,64,80,40,510,46,92,79,false
2025-03-03 01:14:26,2025-03-03 23:57:34,UTC+03:00,2025-03-03 01:14:26,2025-03-03 08:56:21,82,13.0,423,461,280,74,69,38,516,42,93,87,false
2025-03-02 01:12:56,2025-03-03 01:14:26,UTC+03:00,2025-03-02 01:12:56,2025-03-02 08:51:29,83,13.0,420,455,309,39,72,33,506,43,92,81,false
2025-03-01 02:04:18,2025-03-02 01:12:56,UTC+03:00,2025-03-01 02:04:18,2025-03-01 09:34:12,86,13.3,417,440,264,58,95,23,484,22,94,69,false
2025-02-28 00:19:21,2025-03-01 02:04:18,UTC+03:00,2025-02-28 16:20:00,2025-02-28 16:48:00,5,14.5,23,28,13,10,0,5,507,22,85,,true
2025-02-28 00:19:21,2025-03-01 02:04:18,UTC+03:00,2025-02-28 00:19:21,2025-02-28 09:15:32,94,12.9,499,531,346,78,75,32,533,52,93,90,false
2025-02-27 00:47:28,2025-02-28 00:19:21,UTC+03:00,2025-02-27 00:47:28,2025-02-27 08:43:19,80,13.2,422,474,302,49,71,52,527,33,89,89,false
2025-02-26 00:19:33,2025-02-27 00:47:28,UTC+03:00,2025-02-26 00:19:33,2025-02-26 09:03:57,90,13.5,471,524,268,120,83,53,524,51,90,84,false
2025-02-25 00:05:35,2025-02-26 00:19:33,UTC+03:00,2025-02-25 14:15:00,2025-02-25 14:45:00,4,14.3,24,30,24,0,0,6,543,51,92,,true
2025-02-25 00:05:35,2025-02-26 00:19:33,UTC+03:00,2025-02-25 00:05:35,2025-02-25 09:02:57,85,13.2,457,534,312,92,53,77,537,46,85,79,false
2025-02-24 00:59:28,2025-02-25 00:05:35,UTC+03:00,2025-02-24 00:59:28,2025-02-24 08:45:14,82,13.0,412,465,299,80,33,53,504,41,89,79,false
2025-02-22 00:40:41,2025-02-24 00:59:28,UTC+03:00,2025-02-22 00:40:41,2025-02-22 08:40:52,83,13.2,411,480,244,93,74,69,494,29,85,68,false
2025-02-21 01:36:25,2025-02-22 00:40:41,UTC+03:00,2025-02-21 01:36:25,2025-02-21 11:02:38,92,13.1,507,561,349,91,67,54,553,48,90,68,false
2025-02-20 00:44:57,2025-02-21 01:36:25,UTC+03:00,2025-02-20 00:44:57,2025-02-20 08:20:37,81,13.4,417,455,304,65,48,38,514,50,92,88,false
2025-02-19 01:33:27,2025-02-20 00:44:57,UTC+03:00,2025-02-19 01:33:27,2025-02-19 09:12:58,81,12.8,414,457,275,91,48,43,514,46,90,84,false
2025-02-18 00:38:38,2025-02-19 01:33:27,UTC+03:00,2025-02-18 00:38:38,2025-02-18 08:43:42,82,13.1,430,484,275,107,48,54,522,44,89,91,false
2025-02-17 01:17:27,2025-02-18 00:38:38,UTC+03:00,2025-02-17 01:17:27,2025-02-17 08:58:24,83,12.8,424,459,244,102,78,35,514,30,93,86,false
2025-02-16 00:03:52,2025-02-17 01:17:27,UTC+03:00,2025-02-16 00:03:52,2025-02-16 08:41:04,91,12.9,474,517,285,102,87,43,523,38,92,90,false
2025-02-15 00:16:20,2025-02-16 00:03:52,UTC+03:00,2025-02-15 00:16:20,2025-02-15 08:48:14,88,13.2,455,505,311,90,54,50,515,40,90,90,false
2025-02-14 00:39:29,2025-02-15 00:16:20,UTC+03:00,2025-02-14 00:39:29,2025-02-14 09:12:51,89,12.9,479,513,320,84,75,34,541,56,93,89,false
2025-02-13 01:16:27,2025-02-14 00:39:29,UTC+03:00,2025-02-13 01:16:27,2025-02-13 08:58:51,79,13.6,423,460,217,112,94,37,536,27,92,83,false
2025-02-12 00:18:15,2025-02-13 01:16:27,UTC+03:00,2025-02-12 00:18:15,2025-02-12 08:43:26,92,13.1,467,505,292,113,62,38,509,19,93,87,false
2025-02-10 23:51:18,2025-02-12 00:18:15,UTC+03:00,2025-02-10 23:51:18,2025-02-11 09:07:25,94,13.2,485,556,294,122,69,71,515,49,87,80,false
2025-02-10 00:29:10,2025-02-10 23:51:18,UTC+03:00,2025-02-10 00:29:10,2025-02-10 08:47:41,86,12.8,457,494,265,119,73,37,534,46,92,86,false
2025-02-09 01:45:33,2025-02-10 00:29:10,UTC+03:00,2025-02-09 01:45:33,2025-02-09 09:32:45,86,12.7,436,464,276,73,87,28,509,7,94,81,false
2025-02-08 00:46:51,2025-02-09 01:45:33,UTC+03:00,2025-02-08 00:46:51,2025-02-08 09:42:19,98,12.9,503,534,358,115,30,31,515,28,94,79,false
2025-02-07 00:29:02,2025-02-08 00:46:51,UTC+03:00,2025-02-07 00:29:02,2025-02-07 09:44:34,92,12.5,517,551,315,111,91,34,561,91,94,71,false
2025-02-06 03:18:12,2025-02-07 00:29:02,UTC+03:00,2025-02-06 03:18:12,2025-02-06 09:05:14,64,12.8,325,347,180,93,52,22,509,36,94,58,false
2025-02-05 00:07:50,2025-02-06 03:18:12,UTC+03:00,2025-02-05 00:07:50,2025-02-05 08:28:41,89,13.0,451,500,314,118,19,49,509,46,90,82,false
2025-02-03 23:31:16,2025-02-05 00:07:50,UTC+03:00,2025-02-03 23:31:16,2025-02-04 08:20:57,87,13.5,482,525,312,94,76,43,553,67,92,71,false
2025-02-03 00:58:42,2025-02-03 23:31:16,UTC+03:00,2025-02-03 00:58:42,2025-02-03 08:28:08,75,13.1,408,449,273,90,45,41,542,56,94,77,false
2025-02-02 00:28:52,2025-02-03 00:58:42,UTC+03:00,2025-02-02 00:28:52,2025-02-02 09:29:37,85,13.5,499,540,335,98,66,41,588,107,93,71,false
2025-02-01 03:01:12,2025-02-02 00:28:52,UTC+03:00,2025-02-01 03:01:12,2025-02-01 09:44:53,63,13.0,372,398,279,44,49,26,587,71,94,54,false
2025-01-31 00:07:10,2025-02-01 03:01:12,UTC+03:00,2025-01-31 00:07:10,2025-01-31 07:48:06,74,13.2,413,459,244,94,75,46,556,71,90,78,false
2025-01-30 00:02:48,2025-01-31 00:07:10,UTC+03:00,2025-01-30 00:02:48,2025-01-30 07:49:30,75,12.7,428,466,306,83,39,38,572,86,92,71,false
2025-01-29 01:11:02,2025-01-30 00:02:48,UTC+03:00,2025-01-29 01:11:02,2025-01-29 08:13:25,68,12.7,369,421,207,95,67,52,542,24,87,84,false
2025-01-28 01:23:58,2025-01-29 01:11:02,UTC+03:00,2025-01-28 01:23:58,2025-01-28 08:59:38,92,13.2,426,455,253,87,86,29,464,0,94,86,false
2025-01-27 00:41:09,2025-01-28 01:23:58,UTC+03:00,2025-01-27 00:41:09,2025-01-27 10:19:23,100,13.4,527,577,306,135,86,50,509,33,91,86,false
2025-01-26 01:08:02,2025-01-27 00:41:09,UTC+03:00,2025-01-26 01:08:02,2025-01-26 10:01:34,90,12.9,484,525,288,114,82,41,536,48,92,85,false
2025-01-25 00:59:44,2025-01-26 01:08:02,UTC+03:00,2025-01-25 00:59:44,2025-01-25 09:52:48,87,13.1,492,532,305,102,85,40,568,50,92,80,false
2025-01-24 00:16:20,2025-01-25 00:59:44,UTC+03:00,2025-01-24 00:16:20,2025-01-24 09:17:05,86,13.2,464,540,316,87,61,76,543,65,86,82,false
2025-01-23 00:08:37,2025-01-24 00:16:20,UTC+03:00,2025-01-23 00:08:37,2025-01-23 08:05:26,77,13.2,428,471,240,88,100,43,560,63,93,78,false
2025-01-22 01:17:19,2025-01-23 00:08:37,UTC+03:00,2025-01-22 01:17:19,2025-01-22 09:20:51,77,13.4,415,483,202,115,98,68,542,73,86,86,false
2025-01-21 02:04:51,2025-01-22 01:17:19,UTC+03:00,2025-01-21 02:04:51,2025-01-21 09:19:51,72,13.2,385,434,293,70,22,49,531,54,88,84,false
2025-01-20 01:24:55,2025-01-21 02:04:51,UTC+03:00,2025-01-20 01:24:55,2025-01-20 09:29:55,79,13.4,421,484,210,101,110,63,530,15,87,79,false
2025-01-19 02:29:46,2025-01-20 01:24:55,UTC+03:00,2025-01-19 02:29:46,2025-01-19 10:25:09,95,13.5,443,475,361,50,32,32,467,0,94,67,false
2025-01-18 00:21:21,2025-01-19 02:29:46,UTC+03:00,2025-01-18 00:21:21,2025-01-18 09:39:53,100,13.3,510,556,348,81,81,46,509,36,92,84,false
2025-01-17 01:06:30,2025-01-18 00:21:21,UTC+03:00,2025-01-17 01:06:30,2025-01-17 08:56:35,85,13.2,422,470,230,108,84,48,495,5,90,77,false
2025-01-16 00:52:30,2025-01-17 01:06:30,UTC+03:00,2025-01-16 00:52:30,2025-01-16 09:47:00,98,12.9,495,531,306,139,50,36,503,30,93,71,false
2025-01-15 00:11:07,2025-01-16 00:52:30,UTC+03:00,2025-01-15 00:11:07,2025-01-15 07:28:40,87,13.1,401,436,220,93,88,35,463,0,91,77,false
2025-01-13 23:49:18,2025-01-15 00:11:07,UTC+03:00,2025-01-13 23:49:18,2025-01-14 09:22:06,100,13.6,518,569,311,109,98,51,515,27,90,69,false
2025-01-12 23:21:24,2025-01-13 23:49:18,UTC+03:00,2025-01-12 23:21:24,2025-01-13 08:30:48,90,13.0,492,549,343,104,45,57,546,46,90,60,false
2025-01-12 02:30:41,2025-01-12 23:21:24,UTC+03:00,2025-01-12 02:30:41,2025-01-12 09:37:31,81,13.1,400,424,251,87,62,24,492,0,94,76,false
2025-01-11 01:56:03,2025-01-12 02:30:41,UTC+03:00,2025-01-11 01:56:03,2025-01-11 10:56:18,100,13.2,499,539,397,62,40,40,476,0,92,76,false
2025-01-10 00:10:16,2025-01-11 01:56:03,UTC+03:00,2025-01-10 00:10:16,2025-01-10 11:01:34,100,13.0,555,645,331,101,123,90,499,22,86,63,false
2025-01-09 01:24:43,2025-01-10 00:10:16,UTC+03:00,2025-01-09 01:24:43,2025-01-09 09:04:43,92,13.0,431,459,281,70,80,28,466,0,94,67,false
2025-01-08 03:01:47,2025-01-09 01:24:43,UTC+03:00,2025-01-08 03:01:47,2025-01-08 12:15:30,100,13.5,508,550,322,81,105,42,482,19,92,72,false
2025-01-07 02:09:49,2025-01-08 03:01:47,UTC+03:00,2025-01-07 02:09:49,2025-01-07 10:55:01,94,12.9,480,525,354,40,86,45,510,43,91,77,false
2025-01-06 02:26:37,2025-01-07 02:09:49,UTC+03:00,2025-01-06 02:26:37,2025-01-06 09:34:19,82,13.4,401,421,251,98,52,20,489,26,95,65,false
2025-01-05 02:36:21,2025-01-06 02:26:37,UTC+03:00,2025-01-05 02:36:21,2025-01-05 10:29:19,91,12.9,438,472,282,100,56,34,480,4,94,53,false
2025-01-04 03:01:19,2025-01-05 02:36:21,UTC+03:00,2025-01-04 03:01:19,2025-01-04 13:02:58,99,12.8,497,583,301,105,91,86,504,41,85,,false
2025-01-01 04:50:17,2025-01-03 00:00:00,UTC+03:00,2025-01-01 04:50:17,2025-01-01 12:50:57,84,12.9,425,480,262,105,58,55,508,39,88,57,false
2024-12-31 02:29:50,2025-01-01 04:50:17,UTC+03:00,2024-12-31 02:29:50,2024-12-31 11:42:11,86,12.9,504,552,370,99,35,48,582,95,91,71,false
2024-12-30 04:15:04,2024-12-31 02:29:50,UTC+03:00,2024-12-30 04:15:04,2024-12-30 09:31:21,61,12.9,295,316,180,88,27,21,486,0,93,59,false
2024-12-29 02:12:57,2024-12-30 04:15:04,UTC+03:00,2024-12-29 02:12:57,2024-12-29 11:28:36,100,13.2,506,555,305,118,83,49,474,0,92,73,false
2024-12-27 23:56:53,2024-12-29 02:12:57,UTC+03:00,2024-12-27 23:56:53,2024-12-28 11:09:49,100,13.7,605,669,420,130,55,64,487,21,90,71,false
2024-12-27 01:53:10,2024-12-27 23:56:53,UTC+03:00,2024-12-27 01:53:10,2024-12-27 10:03:26,93,13.0,430,490,249,88,93,60,463,0,88,86,false
2024-12-26 01:08:25,2024-12-27 01:53:10,UTC+03:00,2024-12-26 01:08:25,2024-12-26 10:09:39,100,13.0,487,540,259,133,95,53,476,14,90,90,false
2024-12-25 00:58:17,2024-12-26 01:08:25,UTC+03:00,2024-12-25 00:58:17,2024-12-25 10:06:15,96,12.9,487,544,322,82,83,57,509,27,89,86,false
2024-12-24 00:38:33,2024-12-25 00:58:17,UTC+03:00,2024-12-24 00:38:33,2024-12-24 09:53:14,92,13.2,510,554,334,124,52,44,553,78,92,80,false
2024-12-23 01:14:04,2024-12-24 00:38:33,UTC+03:00,2024-12-23 01:14:04,2024-12-23 08:22:49,70,13.1,361,423,179,115,67,62,517,50,87,84,false
2024-12-22 00:59:08,2024-12-23 01:14:04,UTC+03:00,2024-12-22 00:59:08,2024-12-22 09:35:22,82,13.1,471,516,287,91,93,45,572,75,91,81,false
2024-12-21 02:05:26,2024-12-22 00:59:08,UTC+03:00,2024-12-21 02:05:26,2024-12-21 09:04:34,72,12.8,384,417,212,82,90,33,534,51,92,74,false
2024-12-20 00:28:43,2024-12-21 02:05:26,UTC+03:00,2024-12-20 00:28:43,2024-12-20 08:25:51,85,13.0,446,469,337,94,15,23,527,47,95,82,false
2024-12-19 01:04:44,2024-12-20 00:28:43,UTC+03:00,2024-12-19 01:04:44,2024-12-19 09:04:25,82,13.2,422,478,277,96,49,56,517,47,88,74,false
2024-12-17 23:39:09,2024-12-19 01:04:44,UTC+03:00,2024-12-17 23:39:09,2024-12-18 08:14:54,87,13.2,474,514,216,111,147,40,548,50,93,80,false
2024-12-16 23:50:39,2024-12-17 23:39:09,UTC+03:00,2024-12-16 23:50:39,2024-12-17 07:09:30,80,12.9,391,437,242,83,66,46,491,5,89,86,false
2024-12-16 00:00:09,2024-12-16 23:50:39,UTC+03:00,2024-12-16 00:00:09,2024-12-16 08:47:59,98,13.2,481,523,339,82,60,42,489,10,92,81,false
2024-12-15 00:39:02,2024-12-16 00:00:09,UTC+03:00,2024-12-15 00:39:02,2024-12-15 09:29:42,97,12.8,470,529,317,73,80,59,485,0,91,77,false
2024-12-13 22:54:13,2024-12-15 00:39:02,UTC+03:00,2024-12-13 22:54:13,2024-12-14 09:08:31,100,13.2,548,612,355,121,72,64,543,76,89,69,false
2024-12-13 01:27:31,2024-12-13 22:54:13,UTC+03:00,2024-12-13 01:27:31,2024-12-13 08:36:16,72,13.0,399,427,245,63,91,28,553,72,94,,false
2024-12-11 23:58:34,2024-12-13 01:27:31,UTC+03:00,2024-12-11 23:58:34,2024-12-12 07:59:42,76,13.0,451,481,308,106,37,30,596,127,93,,false
2024-12-08 00:06:50,2024-12-09 00:06:50,UTC+03:00,2024-12-08 00:06:50,2024-12-08 02:33:26,26,13.5,137,146,91,34,12,9,521,35,95,65,false
2024-12-07 01:50:05,2024-12-08 00:06:50,UTC+03:00,2024-12-07 01:50:05,2024-12-07 10:10:56,87,13.1,450,498,327,74,49,48,520,55,90,68,false
2024-12-06 01:28:25,2024-12-07 01:50:05,UTC+03:00,2024-12-06 01:28:25,2024-12-06 08:40:03,78,12.8,404,431,261,78,65,27,516,42,94,80,false
2024-12-05 01:13:50,2024-12-06 01:28:25,UTC+03:00,2024-12-05 01:13:50,2024-12-05 08:35:11,83,13.4,403,436,307,62,34,33,488,21,92,74,false
2024-12-03 23:34:48,2024-12-05 01:13:50,UTC+03:00,2024-12-03 23:34:48,2024-12-04 07:45:04,92,12.9,464,490,319,112,33,26,507,22,94,75,false
2024-12-02 23:30:26,2024-12-03 23:34:48,UTC+03:00,2024-12-02 23:30:26,2024-12-03 08:00:47,93,13.1,471,509,278,95,98,38,506,42,92,74,false
2024-12-02 01:52:31,2024-12-02 23:30:26,UTC+03:00,2024-12-02 01:52:31,2024-12-02 08:46:22,82,13.1,395,413,242,82,71,18,480,0,95,72,false
2024-12-01 00:29:37,2024-12-02 01:52:31,UTC+03:00,2024-12-01 00:29:37,2024-12-01 09:44:51,100,12.9,501,555,283,100,118,54,465,0,90,83,false
2024-11-30 00:29:31,2024-12-01 00:29:37,UTC+03:00,2024-11-30 00:29:31,2024-11-30 09:25:27,100,13.6,489,535,334,105,50,46,487,19,91,81,false
2024-11-28 22:53:20,2024-11-30 00:29:31,UTC+03:00,2024-11-28 22:53:20,2024-11-29 08:20:02,94,12.9,469,566,284,85,100,97,500,16,84,77,false
2024-11-28 00:15:29,2024-11-28 22:53:20,UTC+03:00,2024-11-28 00:15:29,2024-11-28 09:03:15,95,12.9,481,525,313,83,85,44,506,43,91,80,false
2024-11-27 00:52:48,2024-11-28 00:15:29,UTC+03:00,2024-11-27 00:52:48,2024-11-27 08:45:59,83,12.7,417,462,300,82,35,45,503,14,90,76,false
2024-11-25 23:44:05,2024-11-27 00:52:48,UTC+03:00,2024-11-25 23:44:05,2024-11-26 08:43:33,96,13.2,497,534,329,102,66,37,520,33,93,64,false
2024-11-25 00:54:41,2024-11-25 23:44:05,UTC+03:00,2024-11-25 00:54:41,2024-11-25 08:45:14,86,13.1,419,464,270,87,62,45,486,19,91,69,false
2024-11-24 03:19:20,2024-11-25 00:54:41,UTC+03:00,2024-11-24 03:19:20,2024-11-24 10:57:24,94,12.9,437,458,254,79,104,21,467,0,96,54,false
2024-11-23 00:28:08,2024-11-24 03:19:20,UTC+03:00,2024-11-23 00:28:08,2024-11-23 10:53:03,100,13.1,565,620,345,126,94,55,535,42,91,67,false
2024-11-21 23:57:49,2024-11-23 00:28:08,UTC+03:00,2024-11-21 23:57:49,2024-11-22 08:30:41,88,12.8,474,512,339,99,36,38,541,51,92,86,false
2024-11-21 01:00:16,2024-11-21 23:57:49,UTC+03:00,2024-11-21 01:00:16,2024-11-21 08:33:03,79,13.1,400,448,279,77,44,48,504,39,89,77,false
2024-11-20 00:14:05,2024-11-21 01:00:16,UTC+03:00,2024-11-20 00:14:05,2024-11-20 08:16:21,88,13.0,448,479,311,89,48,31,508,39,93,75,false
2024-11-18 23:36:33,2024-11-20 00:14:05,UTC+03:00,2024-11-18 23:36:33,2024-11-19 08:15:32,85,12.9,431,516,270,112,49,85,509,28,83,72,false
2024-11-18 00:05:52,2024-11-18 23:36:33,UTC+03:00,2024-11-18 00:05:52,2024-11-18 09:13:04,91,13.0,469,541,293,86,90,72,514,41,86,65,false
2024-11-17 01:50:16,2024-11-18 00:05:52,UTC+03:00,2024-11-17 01:50:16,2024-11-17 10:47:56,88,13.2,479,532,318,78,83,53,543,76,90,73,false
2024-11-16 01:31:00,2024-11-17 01:50:16,UTC+03:00,2024-11-16 01:31:00,2024-11-16 09:37:32,79,12.9,448,477,299,93,56,29,567,63,94,81,false
2024-11-15 01:07:52,2024-11-16 01:31:00,UTC+03:00,2024-11-15 01:07:52,2024-11-15 07:50:40,75,12.5,382,402,219,106,57,20,508,45,95,,false
2024-11-14 01:36:41,2024-11-15 01:07:52,UTC+03:00,2024-11-14 01:36:41,2024-11-14 08:52:57,82,12.9,408,432,256,69,83,24,498,0,94,,false
